sample,run_accession,experiment_accession,species,lineage,sample_title,sample_alias,study_alias,library_layout,library_selection,library_source,library_strategy,instrument_model
SRX4203005,SRR7300571,SRX4203005,Homo sapiens,Dendritic cells,myDC123.1,GSM3188494,GSE115736,SINGLE,cDNA,TRANSCRIPTOMIC,RNA-Seq,Illumina HiSeq 2500
SRX4203005,SRR7300572,SRX4203005,Homo sapiens,Dendritic cells,myDC123.1,GSM3188494,GSE115736,SINGLE,cDNA,TRANSCRIPTOMIC,RNA-Seq,Illumina HiSeq 2500
SRX4203006,SRR7300573,SRX4203006,Homo sapiens,Dendritic cells,myDC123.2,GSM3188495,GSE115736,SINGLE,cDNA,TRANSCRIPTOMIC,RNA-Seq,Illumina HiSeq 2500
SRX4203006,SRR7300574,SRX4203006,Homo sapiens,Dendritic cells,myDC123.2,GSM3188495,GSE115736,SINGLE,cDNA,TRANSCRIPTOMIC,RNA-Seq,Illumina HiSeq 2500
SRX4203007,SRR7300575,SRX4203007,Homo sapiens,Monocytes,MonoNonClassical.1,GSM3188496,GSE115736,SINGLE,cDNA,TRANSCRIPTOMIC,RNA-Seq,Illumina HiSeq 2500
SRX4203007,SRR7300576,SRX4203007,Homo sapiens,Monocytes,MonoNonClassical.1,GSM3188496,GSE115736,SINGLE,cDNA,TRANSCRIPTOMIC,RNA-Seq,Illumina HiSeq 2500
SRX4203008,SRR7300577,SRX4203008,Homo sapiens,T cells,CD4T.1,GSM3188497,GSE115736,SINGLE,cDNA,TRANSCRIPTOMIC,RNA-Seq,Illumina HiSeq 2500
SRX4203008,SRR7300578,SRX4203008,Homo sapiens,T cells,CD4T.1,GSM3188497,GSE115736,SINGLE,cDNA,TRANSCRIPTOMIC,RNA-Seq,Illumina HiSeq 2500
SRX4203009,SRR7300579,SRX4203009,Homo sapiens,T cells,CD8T.1,GSM3188498,GSE115736,SINGLE,cDNA,TRANSCRIPTOMIC,RNA-Seq,Illumina HiSeq 2500
SRX4203009,SRR7300580,SRX4203009,Homo sapiens,T cells,CD8T.1,GSM3188498,GSE115736,SINGLE,cDNA,TRANSCRIPTOMIC,RNA-Seq,Illumina HiSeq 2500
SRX4203010,SRR7300581,SRX4203010,Homo sapiens,Eosinophils,Eo.1,GSM3188499,GSE115736,SINGLE,cDNA,TRANSCRIPTOMIC,RNA-Seq,Illumina HiSeq 2500
SRX4203010,SRR7300582,SRX4203010,Homo sapiens,Eosinophils,Eo.1,GSM3188499,GSE115736,SINGLE,cDNA,TRANSCRIPTOMIC,RNA-Seq,Illumina HiSeq 2500
SRX4203011,SRR7300583,SRX4203011,Homo sapiens,B cells,MemB.1,GSM3188500,GSE115736,SINGLE,cDNA,TRANSCRIPTOMIC,RNA-Seq,Illumina HiSeq 2500
SRX4203011,SRR7300584,SRX4203011,Homo sapiens,B cells,MemB.1,GSM3188500,GSE115736,SINGLE,cDNA,TRANSCRIPTOMIC,RNA-Seq,Illumina HiSeq 2500
SRX4203012,SRR7300585,SRX4203012,Homo sapiens,Monocytes,Mono.1,GSM3188501,GSE115736,SINGLE,cDNA,TRANSCRIPTOMIC,RNA-Seq,Illumina HiSeq 2500
SRX4203012,SRR7300586,SRX4203012,Homo sapiens,Monocytes,Mono.1,GSM3188501,GSE115736,SINGLE,cDNA,TRANSCRIPTOMIC,RNA-Seq,Illumina HiSeq 2500
SRX4203013,SRR7300587,SRX4203013,Homo sapiens,B cells,NveB.1,GSM3188502,GSE115736,SINGLE,cDNA,TRANSCRIPTOMIC,RNA-Seq,Illumina HiSeq 2500
SRX4203013,SRR7300588,SRX4203013,Homo sapiens,B cells,NveB.1,GSM3188502,GSE115736,SINGLE,cDNA,TRANSCRIPTOMIC,RNA-Seq,Illumina HiSeq 2500
SRX4203014,SRR7300589,SRX4203014,Homo sapiens,Neutrophils,Neut.1,GSM3188503,GSE115736,SINGLE,cDNA,TRANSCRIPTOMIC,RNA-Seq,Illumina HiSeq 2500
SRX4203014,SRR7300590,SRX4203014,Homo sapiens,Neutrophils,Neut.1,GSM3188503,GSE115736,SINGLE,cDNA,TRANSCRIPTOMIC,RNA-Seq,Illumina HiSeq 2500
SRX4203015,SRR7300591,SRX4203015,Homo sapiens,NK cells,NK.1,GSM3188504,GSE115736,SINGLE,cDNA,TRANSCRIPTOMIC,RNA-Seq,Illumina HiSeq 2500
SRX4203015,SRR7300592,SRX4203015,Homo sapiens,NK cells,NK.1,GSM3188504,GSE115736,SINGLE,cDNA,TRANSCRIPTOMIC,RNA-Seq,Illumina HiSeq 2500
SRX4203016,SRR7300593,SRX4203016,Homo sapiens,Dendritic cells,myDC.1,GSM3188505,GSE115736,SINGLE,cDNA,TRANSCRIPTOMIC,RNA-Seq,Illumina HiSeq 2500
SRX4203016,SRR7300594,SRX4203016,Homo sapiens,Dendritic cells,myDC.1,GSM3188505,GSE115736,SINGLE,cDNA,TRANSCRIPTOMIC,RNA-Seq,Illumina HiSeq 2500
SRX4203017,SRR7300595,SRX4203017,Homo sapiens,Dendritic cells,pDC.1,GSM3188506,GSE115736,SINGLE,cDNA,TRANSCRIPTOMIC,RNA-Seq,Illumina HiSeq 2500
SRX4203017,SRR7300596,SRX4203017,Homo sapiens,Dendritic cells,pDC.1,GSM3188506,GSE115736,SINGLE,cDNA,TRANSCRIPTOMIC,RNA-Seq,Illumina HiSeq 2500
SRX4203018,SRR7300597,SRX4203018,Homo sapiens,Monocytes,MonoNonClassical.2,GSM3188507,GSE115736,SINGLE,cDNA,TRANSCRIPTOMIC,RNA-Seq,Illumina HiSeq 2500
SRX4203018,SRR7300598,SRX4203018,Homo sapiens,Monocytes,MonoNonClassical.2,GSM3188507,GSE115736,SINGLE,cDNA,TRANSCRIPTOMIC,RNA-Seq,Illumina HiSeq 2500
SRX4203019,SRR7300599,SRX4203019,Homo sapiens,T cells,CD4T.2,GSM3188508,GSE115736,SINGLE,cDNA,TRANSCRIPTOMIC,RNA-Seq,Illumina HiSeq 2500
SRX4203019,SRR7300600,SRX4203019,Homo sapiens,T cells,CD4T.2,GSM3188508,GSE115736,SINGLE,cDNA,TRANSCRIPTOMIC,RNA-Seq,Illumina HiSeq 2500
SRX4203020,SRR7300601,SRX4203020,Homo sapiens,T cells,CD8T.2,GSM3188509,GSE115736,SINGLE,cDNA,TRANSCRIPTOMIC,RNA-Seq,Illumina HiSeq 2500
SRX4203020,SRR7300602,SRX4203020,Homo sapiens,T cells,CD8T.2,GSM3188509,GSE115736,SINGLE,cDNA,TRANSCRIPTOMIC,RNA-Seq,Illumina HiSeq 2500
SRX4203021,SRR7300603,SRX4203021,Homo sapiens,Eosinophils,Eo.2,GSM3188510,GSE115736,SINGLE,cDNA,TRANSCRIPTOMIC,RNA-Seq,Illumina HiSeq 2500
SRX4203021,SRR7300604,SRX4203021,Homo sapiens,Eosinophils,Eo.2,GSM3188510,GSE115736,SINGLE,cDNA,TRANSCRIPTOMIC,RNA-Seq,Illumina HiSeq 2500
SRX4203022,SRR7300605,SRX4203022,Homo sapiens,B cells,MemB.2,GSM3188511,GSE115736,SINGLE,cDNA,TRANSCRIPTOMIC,RNA-Seq,Illumina HiSeq 2500
SRX4203022,SRR7300606,SRX4203022,Homo sapiens,B cells,MemB.2,GSM3188511,GSE115736,SINGLE,cDNA,TRANSCRIPTOMIC,RNA-Seq,Illumina HiSeq 2500
SRX4203023,SRR7300607,SRX4203023,Homo sapiens,Monocytes,Mono.2,GSM3188512,GSE115736,SINGLE,cDNA,TRANSCRIPTOMIC,RNA-Seq,Illumina HiSeq 2500
SRX4203023,SRR7300608,SRX4203023,Homo sapiens,Monocytes,Mono.2,GSM3188512,GSE115736,SINGLE,cDNA,TRANSCRIPTOMIC,RNA-Seq,Illumina HiSeq 2500
SRX4203024,SRR7300609,SRX4203024,Homo sapiens,B cells,NveB.2,GSM3188513,GSE115736,SINGLE,cDNA,TRANSCRIPTOMIC,RNA-Seq,Illumina HiSeq 2500
SRX4203024,SRR7300610,SRX4203024,Homo sapiens,B cells,NveB.2,GSM3188513,GSE115736,SINGLE,cDNA,TRANSCRIPTOMIC,RNA-Seq,Illumina HiSeq 2500
SRX4203025,SRR7300611,SRX4203025,Homo sapiens,NK cells,NK.2,GSM3188514,GSE115736,SINGLE,cDNA,TRANSCRIPTOMIC,RNA-Seq,Illumina HiSeq 2500
SRX4203025,SRR7300612,SRX4203025,Homo sapiens,NK cells,NK.2,GSM3188514,GSE115736,SINGLE,cDNA,TRANSCRIPTOMIC,RNA-Seq,Illumina HiSeq 2500
SRX4203026,SRR7300613,SRX4203026,Homo sapiens,Dendritic cells,myDC.2,GSM3188515,GSE115736,SINGLE,cDNA,TRANSCRIPTOMIC,RNA-Seq,Illumina HiSeq 2500
SRX4203026,SRR7300614,SRX4203026,Homo sapiens,Dendritic cells,myDC.2,GSM3188515,GSE115736,SINGLE,cDNA,TRANSCRIPTOMIC,RNA-Seq,Illumina HiSeq 2500
SRX4203027,SRR7300615,SRX4203027,Homo sapiens,T cells,CD4T.3,GSM3188516,GSE115736,SINGLE,cDNA,TRANSCRIPTOMIC,RNA-Seq,Illumina HiSeq 2500
SRX4203027,SRR7300616,SRX4203027,Homo sapiens,T cells,CD4T.3,GSM3188516,GSE115736,SINGLE,cDNA,TRANSCRIPTOMIC,RNA-Seq,Illumina HiSeq 2500
SRX4203028,SRR7300617,SRX4203028,Homo sapiens,T cells,CD8T.3,GSM3188517,GSE115736,SINGLE,cDNA,TRANSCRIPTOMIC,RNA-Seq,Illumina HiSeq 2500
SRX4203028,SRR7300618,SRX4203028,Homo sapiens,T cells,CD8T.3,GSM3188517,GSE115736,SINGLE,cDNA,TRANSCRIPTOMIC,RNA-Seq,Illumina HiSeq 2500
SRX4203029,SRR7300619,SRX4203029,Homo sapiens,B cells,MemB.3,GSM3188518,GSE115736,SINGLE,cDNA,TRANSCRIPTOMIC,RNA-Seq,Illumina HiSeq 2500
SRX4203029,SRR7300620,SRX4203029,Homo sapiens,B cells,MemB.3,GSM3188518,GSE115736,SINGLE,cDNA,TRANSCRIPTOMIC,RNA-Seq,Illumina HiSeq 2500
SRX4203030,SRR7300621,SRX4203030,Homo sapiens,Monocytes,Mono.3,GSM3188519,GSE115736,SINGLE,cDNA,TRANSCRIPTOMIC,RNA-Seq,Illumina HiSeq 2500
SRX4203030,SRR7300622,SRX4203030,Homo sapiens,Monocytes,Mono.3,GSM3188519,GSE115736,SINGLE,cDNA,TRANSCRIPTOMIC,RNA-Seq,Illumina HiSeq 2500
SRX4203031,SRR7300623,SRX4203031,Homo sapiens,NK cells,NK.3,GSM3188520,GSE115736,SINGLE,cDNA,TRANSCRIPTOMIC,RNA-Seq,Illumina HiSeq 2500
SRX4203031,SRR7300624,SRX4203031,Homo sapiens,NK cells,NK.3,GSM3188520,GSE115736,SINGLE,cDNA,TRANSCRIPTOMIC,RNA-Seq,Illumina HiSeq 2500
SRX4203032,SRR7300625,SRX4203032,Homo sapiens,B cells,NveB.3,GSM3188521,GSE115736,SINGLE,cDNA,TRANSCRIPTOMIC,RNA-Seq,Illumina HiSeq 2500
SRX4203032,SRR7300626,SRX4203032,Homo sapiens,B cells,NveB.3,GSM3188521,GSE115736,SINGLE,cDNA,TRANSCRIPTOMIC,RNA-Seq,Illumina HiSeq 2500
SRX4203033,SRR7300627,SRX4203033,Homo sapiens,Neutrophils,Neut.2,GSM3188522,GSE115736,SINGLE,cDNA,TRANSCRIPTOMIC,RNA-Seq,Illumina HiSeq 2500
SRX4203033,SRR7300628,SRX4203033,Homo sapiens,Neutrophils,Neut.2,GSM3188522,GSE115736,SINGLE,cDNA,TRANSCRIPTOMIC,RNA-Seq,Illumina HiSeq 2500
SRX4203034,SRR7300629,SRX4203034,Homo sapiens,T cells,CD4T.4,GSM3188523,GSE115736,SINGLE,cDNA,TRANSCRIPTOMIC,RNA-Seq,Illumina HiSeq 2500
SRX4203034,SRR7300630,SRX4203034,Homo sapiens,T cells,CD4T.4,GSM3188523,GSE115736,SINGLE,cDNA,TRANSCRIPTOMIC,RNA-Seq,Illumina HiSeq 2500
SRX4203035,SRR7300631,SRX4203035,Homo sapiens,T cells,CD8T.4,GSM3188524,GSE115736,SINGLE,cDNA,TRANSCRIPTOMIC,RNA-Seq,Illumina HiSeq 2500
SRX4203035,SRR7300632,SRX4203035,Homo sapiens,T cells,CD8T.4,GSM3188524,GSE115736,SINGLE,cDNA,TRANSCRIPTOMIC,RNA-Seq,Illumina HiSeq 2500
SRX4203036,SRR7300633,SRX4203036,Homo sapiens,Monocytes,Mono.4,GSM3188525,GSE115736,SINGLE,cDNA,TRANSCRIPTOMIC,RNA-Seq,Illumina HiSeq 2500
SRX4203036,SRR7300634,SRX4203036,Homo sapiens,Monocytes,Mono.4,GSM3188525,GSE115736,SINGLE,cDNA,TRANSCRIPTOMIC,RNA-Seq,Illumina HiSeq 2500
SRX4203037,SRR7300635,SRX4203037,Homo sapiens,B cells,NveB.4,GSM3188526,GSE115736,SINGLE,cDNA,TRANSCRIPTOMIC,RNA-Seq,Illumina HiSeq 2500
SRX4203037,SRR7300636,SRX4203037,Homo sapiens,B cells,NveB.4,GSM3188526,GSE115736,SINGLE,cDNA,TRANSCRIPTOMIC,RNA-Seq,Illumina HiSeq 2500
SRX4203038,SRR7300637,SRX4203038,Homo sapiens,NK cells,NK.4,GSM3188527,GSE115736,SINGLE,cDNA,TRANSCRIPTOMIC,RNA-Seq,Illumina HiSeq 2500
SRX4203038,SRR7300638,SRX4203038,Homo sapiens,NK cells,NK.4,GSM3188527,GSE115736,SINGLE,cDNA,TRANSCRIPTOMIC,RNA-Seq,Illumina HiSeq 2500
SRX4203039,SRR7300639,SRX4203039,Homo sapiens,T cells,CD4T.5,GSM3188528,GSE115736,SINGLE,cDNA,TRANSCRIPTOMIC,RNA-Seq,Illumina HiSeq 2500
SRX4203039,SRR7300640,SRX4203039,Homo sapiens,T cells,CD4T.5,GSM3188528,GSE115736,SINGLE,cDNA,TRANSCRIPTOMIC,RNA-Seq,Illumina HiSeq 2500
SRX4203040,SRR7300641,SRX4203040,Homo sapiens,T cells,CD8T.5,GSM3188529,GSE115736,SINGLE,cDNA,TRANSCRIPTOMIC,RNA-Seq,Illumina HiSeq 2500
SRX4203040,SRR7300642,SRX4203040,Homo sapiens,T cells,CD8T.5,GSM3188529,GSE115736,SINGLE,cDNA,TRANSCRIPTOMIC,RNA-Seq,Illumina HiSeq 2500
SRX4203041,SRR7300643,SRX4203041,Homo sapiens,Monocytes,Mono.5,GSM3188530,GSE115736,SINGLE,cDNA,TRANSCRIPTOMIC,RNA-Seq,Illumina HiSeq 2500
SRX4203041,SRR7300644,SRX4203041,Homo sapiens,Monocytes,Mono.5,GSM3188530,GSE115736,SINGLE,cDNA,TRANSCRIPTOMIC,RNA-Seq,Illumina HiSeq 2500
SRX4203042,SRR7300645,SRX4203042,Homo sapiens,B cells,NveB.5,GSM3188531,GSE115736,SINGLE,cDNA,TRANSCRIPTOMIC,RNA-Seq,Illumina HiSeq 2500
SRX4203042,SRR7300646,SRX4203042,Homo sapiens,B cells,NveB.5,GSM3188531,GSE115736,SINGLE,cDNA,TRANSCRIPTOMIC,RNA-Seq,Illumina HiSeq 2500
SRX4203043,SRR7300647,SRX4203043,Homo sapiens,Neutrophils,Neut.3,GSM3188532,GSE115736,SINGLE,cDNA,TRANSCRIPTOMIC,RNA-Seq,Illumina HiSeq 2500
SRX4203043,SRR7300648,SRX4203043,Homo sapiens,Neutrophils,Neut.3,GSM3188532,GSE115736,SINGLE,cDNA,TRANSCRIPTOMIC,RNA-Seq,Illumina HiSeq 2500
SRX4203044,SRR7300649,SRX4203044,Homo sapiens,NK cells,NK.5,GSM3188533,GSE115736,SINGLE,cDNA,TRANSCRIPTOMIC,RNA-Seq,Illumina HiSeq 2500
SRX4203044,SRR7300650,SRX4203044,Homo sapiens,NK cells,NK.5,GSM3188533,GSE115736,SINGLE,cDNA,TRANSCRIPTOMIC,RNA-Seq,Illumina HiSeq 2500
SRX4203045,SRR7300651,SRX4203045,Homo sapiens,Dendritic cells,myDC.3,GSM3188534,GSE115736,SINGLE,cDNA,TRANSCRIPTOMIC,RNA-Seq,Illumina HiSeq 2500
SRX4203045,SRR7300652,SRX4203045,Homo sapiens,Dendritic cells,myDC.3,GSM3188534,GSE115736,SINGLE,cDNA,TRANSCRIPTOMIC,RNA-Seq,Illumina HiSeq 2500
SRX4203046,SRR7300653,SRX4203046,Homo sapiens,Dendritic cells,pDC.2,GSM3188535,GSE115736,SINGLE,cDNA,TRANSCRIPTOMIC,RNA-Seq,Illumina HiSeq 2500
SRX4203046,SRR7300654,SRX4203046,Homo sapiens,Dendritic cells,pDC.2,GSM3188535,GSE115736,SINGLE,cDNA,TRANSCRIPTOMIC,RNA-Seq,Illumina HiSeq 2500
SRX4285195,SRR7413854,SRX4285195,Mus musculus,Neutrophils,NeutBM-1,GSM3212540,GSE116177,SINGLE,cDNA,TRANSCRIPTOMIC,RNA-Seq,Illumina HiSeq 2500
SRX4285197,SRR7413855,SRX4285197,Mus musculus,Neutrophils,NeutBM-2,GSM3212541,GSE116177,SINGLE,cDNA,TRANSCRIPTOMIC,RNA-Seq,Illumina HiSeq 2500
SRX4285198,SRR7413856,SRX4285198,Mus musculus,Eosinophils,Eo-1,GSM3212542,GSE116177,SINGLE,cDNA,TRANSCRIPTOMIC,RNA-Seq,Illumina HiSeq 2500
SRX4285199,SRR7413857,SRX4285199,Mus musculus,T cells,CD8T-1,GSM3212543,GSE116177,SINGLE,cDNA,TRANSCRIPTOMIC,RNA-Seq,Illumina HiSeq 2500
SRX4285200,SRR7413858,SRX4285200,Mus musculus,T cells,CD8T-2,GSM3212544,GSE116177,SINGLE,cDNA,TRANSCRIPTOMIC,RNA-Seq,Illumina HiSeq 2500
SRX4285201,SRR7413859,SRX4285201,Mus musculus,T cells,CD4T-1,GSM3212545,GSE116177,SINGLE,cDNA,TRANSCRIPTOMIC,RNA-Seq,Illumina HiSeq 2500
SRX4285202,SRR7413860,SRX4285202,Mus musculus,T cells,CD4T-2,GSM3212546,GSE116177,SINGLE,cDNA,TRANSCRIPTOMIC,RNA-Seq,Illumina HiSeq 2500
SRX4285203,SRR7413861,SRX4285203,Mus musculus,Monocytes,Mac-1,GSM3212547,GSE116177,SINGLE,cDNA,TRANSCRIPTOMIC,RNA-Seq,Illumina HiSeq 2500
SRX4285204,SRR7413862,SRX4285204,Mus musculus,Monocytes,Mac-2,GSM3212548,GSE116177,SINGLE,cDNA,TRANSCRIPTOMIC,RNA-Seq,Illumina HiSeq 2500
SRX4285212,SRR7413871,SRX4285212,Mus musculus,Monocytes,MonoPB-1,GSM3212556,GSE116177,SINGLE,cDNA,TRANSCRIPTOMIC,RNA-Seq,Illumina HiSeq 2500
SRX4285213,SRR7413872,SRX4285213,Mus musculus,Monocytes,MonoPB-2,GSM3212557,GSE116177,SINGLE,cDNA,TRANSCRIPTOMIC,RNA-Seq,Illumina HiSeq 2500
SRX4285216,SRR7413881,SRX4285216,Mus musculus,B cells,BCell-1,GSM3212560,GSE116177,SINGLE,cDNA,TRANSCRIPTOMIC,RNA-Seq,Illumina HiSeq 2500
SRX4285216,SRR7413882,SRX4285216,Mus musculus,B cells,BCell-1,GSM3212560,GSE116177,SINGLE,cDNA,TRANSCRIPTOMIC,RNA-Seq,Illumina HiSeq 2500
SRX4285216,SRR7413883,SRX4285216,Mus musculus,B cells,BCell-1,GSM3212560,GSE116177,SINGLE,cDNA,TRANSCRIPTOMIC,RNA-Seq,Illumina HiSeq 2500
SRX4285216,SRR7413884,SRX4285216,Mus musculus,B cells,BCell-1,GSM3212560,GSE116177,SINGLE,cDNA,TRANSCRIPTOMIC,RNA-Seq,Illumina HiSeq 2500
SRX4285217,SRR7413885,SRX4285217,Mus musculus,B cells,BCell-2,GSM3212561,GSE116177,SINGLE,cDNA,TRANSCRIPTOMIC,RNA-Seq,Illumina HiSeq 2500
SRX4285217,SRR7413886,SRX4285217,Mus musculus,B cells,BCell-2,GSM3212561,GSE116177,SINGLE,cDNA,TRANSCRIPTOMIC,RNA-Seq,Illumina HiSeq 2500
SRX4285217,SRR7413887,SRX4285217,Mus musculus,B cells,BCell-2,GSM3212561,GSE116177,SINGLE,cDNA,TRANSCRIPTOMIC,RNA-Seq,Illumina HiSeq 2500
SRX4285217,SRR7413889,SRX4285217,Mus musculus,B cells,BCell-2,GSM3212561,GSE116177,SINGLE,cDNA,TRANSCRIPTOMIC,RNA-Seq,Illumina HiSeq 2500
SRX4285218,SRR7413890,SRX4285218,Mus musculus,Monocytes,MonoBM-1,GSM3212562,GSE116177,SINGLE,cDNA,TRANSCRIPTOMIC,RNA-Seq,Illumina HiSeq 2500
SRX4285218,SRR7413891,SRX4285218,Mus musculus,Monocytes,MonoBM-1,GSM3212562,GSE116177,SINGLE,cDNA,TRANSCRIPTOMIC,RNA-Seq,Illumina HiSeq 2500
SRX4285218,SRR7413892,SRX4285218,Mus musculus,Monocytes,MonoBM-1,GSM3212562,GSE116177,SINGLE,cDNA,TRANSCRIPTOMIC,RNA-Seq,Illumina HiSeq 2500
SRX4285218,SRR7413893,SRX4285218,Mus musculus,Monocytes,MonoBM-1,GSM3212562,GSE116177,SINGLE,cDNA,TRANSCRIPTOMIC,RNA-Seq,Illumina HiSeq 2500
SRX4285219,SRR7413894,SRX4285219,Mus musculus,Monocytes,MonoBM-2,GSM3212563,GSE116177,SINGLE,cDNA,TRANSCRIPTOMIC,RNA-Seq,Illumina HiSeq 2500
SRX4285219,SRR7413895,SRX4285219,Mus musculus,Monocytes,MonoBM-2,GSM3212563,GSE116177,SINGLE,cDNA,TRANSCRIPTOMIC,RNA-Seq,Illumina HiSeq 2500
SRX4285219,SRR7413896,SRX4285219,Mus musculus,Monocytes,MonoBM-2,GSM3212563,GSE116177,SINGLE,cDNA,TRANSCRIPTOMIC,RNA-Seq,Illumina HiSeq 2500
SRX4285219,SRR7413897,SRX4285219,Mus musculus,Monocytes,MonoBM-2,GSM3212563,GSE116177,SINGLE,cDNA,TRANSCRIPTOMIC,RNA-Seq,Illumina HiSeq 2500
SRX4285233,SRR7413953,SRX4285233,Mus musculus,Neutrophils,NeutPB-1,GSM3212577,GSE116177,SINGLE,cDNA,TRANSCRIPTOMIC,RNA-Seq,Illumina HiSeq 2500
SRX4285233,SRR7413954,SRX4285233,Mus musculus,Neutrophils,NeutPB-1,GSM3212577,GSE116177,SINGLE,cDNA,TRANSCRIPTOMIC,RNA-Seq,Illumina HiSeq 2500
SRX4285233,SRR7413955,SRX4285233,Mus musculus,Neutrophils,NeutPB-1,GSM3212577,GSE116177,SINGLE,cDNA,TRANSCRIPTOMIC,RNA-Seq,Illumina HiSeq 2500
SRX4285233,SRR7413956,SRX4285233,Mus musculus,Neutrophils,NeutPB-1,GSM3212577,GSE116177,SINGLE,cDNA,TRANSCRIPTOMIC,RNA-Seq,Illumina HiSeq 2500
SRX4285234,SRR7413957,SRX4285234,Mus musculus,Eosinophils,Eo-2,GSM3212578,GSE116177,SINGLE,cDNA,TRANSCRIPTOMIC,RNA-Seq,Illumina HiSeq 2500
SRX4285234,SRR7413958,SRX4285234,Mus musculus,Eosinophils,Eo-2,GSM3212578,GSE116177,SINGLE,cDNA,TRANSCRIPTOMIC,RNA-Seq,Illumina HiSeq 2500
SRX4285234,SRR7413959,SRX4285234,Mus musculus,Eosinophils,Eo-2,GSM3212578,GSE116177,SINGLE,cDNA,TRANSCRIPTOMIC,RNA-Seq,Illumina HiSeq 2500
SRX4285234,SRR7413960,SRX4285234,Mus musculus,Eosinophils,Eo-2,GSM3212578,GSE116177,SINGLE,cDNA,TRANSCRIPTOMIC,RNA-Seq,Illumina HiSeq 2500
SRX4285236,SRR7413961,SRX4285236,Mus musculus,Eosinophils,Eo-3,GSM3212579,GSE116177,SINGLE,cDNA,TRANSCRIPTOMIC,RNA-Seq,Illumina HiSeq 2500
SRX4285236,SRR7413962,SRX4285236,Mus musculus,Eosinophils,Eo-3,GSM3212579,GSE116177,SINGLE,cDNA,TRANSCRIPTOMIC,RNA-Seq,Illumina HiSeq 2500
SRX4285236,SRR7413963,SRX4285236,Mus musculus,Eosinophils,Eo-3,GSM3212579,GSE116177,SINGLE,cDNA,TRANSCRIPTOMIC,RNA-Seq,Illumina HiSeq 2500
SRX4285236,SRR7413964,SRX4285236,Mus musculus,Eosinophils,Eo-3,GSM3212579,GSE116177,SINGLE,cDNA,TRANSCRIPTOMIC,RNA-Seq,Illumina HiSeq 2500
SRX4285239,SRR7413974,SRX4285239,Mus musculus,Neutrophils,NeutPB-2,GSM3212582,GSE116177,SINGLE,cDNA,TRANSCRIPTOMIC,RNA-Seq,Illumina HiSeq 2500
SRX4285239,SRR7413975,SRX4285239,Mus musculus,Neutrophils,NeutPB-2,GSM3212582,GSE116177,SINGLE,cDNA,TRANSCRIPTOMIC,RNA-Seq,Illumina HiSeq 2500
SRX4285239,SRR7413976,SRX4285239,Mus musculus,Neutrophils,NeutPB-2,GSM3212582,GSE116177,SINGLE,cDNA,TRANSCRIPTOMIC,RNA-Seq,Illumina HiSeq 2500
SRX4285239,SRR7413977,SRX4285239,Mus musculus,Neutrophils,NeutPB-2,GSM3212582,GSE116177,SINGLE,cDNA,TRANSCRIPTOMIC,RNA-Seq,Illumina HiSeq 2500
SRX4285248,SRR7414021,SRX4285248,Mus musculus,T cells,MemCD4T-1,GSM3212591,GSE116177,PAIRED,cDNA,TRANSCRIPTOMIC,RNA-Seq,Illumina HiSeq 2500
SRX4285248,SRR7414022,SRX4285248,Mus musculus,T cells,MemCD4T-1,GSM3212591,GSE116177,PAIRED,cDNA,TRANSCRIPTOMIC,RNA-Seq,Illumina HiSeq 2500
SRX4285248,SRR7414023,SRX4285248,Mus musculus,T cells,MemCD4T-1,GSM3212591,GSE116177,PAIRED,cDNA,TRANSCRIPTOMIC,RNA-Seq,Illumina HiSeq 2500
SRX4285248,SRR7414024,SRX4285248,Mus musculus,T cells,MemCD4T-1,GSM3212591,GSE116177,PAIRED,cDNA,TRANSCRIPTOMIC,RNA-Seq,Illumina HiSeq 2500
SRX4285248,SRR7414025,SRX4285248,Mus musculus,T cells,MemCD4T-1,GSM3212591,GSE116177,PAIRED,cDNA,TRANSCRIPTOMIC,RNA-Seq,Illumina HiSeq 2500
SRX4285248,SRR7414026,SRX4285248,Mus musculus,T cells,MemCD4T-1,GSM3212591,GSE116177,PAIRED,cDNA,TRANSCRIPTOMIC,RNA-Seq,Illumina HiSeq 2500
SRX4285248,SRR7414027,SRX4285248,Mus musculus,T cells,MemCD4T-1,GSM3212591,GSE116177,PAIRED,cDNA,TRANSCRIPTOMIC,RNA-Seq,Illumina HiSeq 2500
SRX4285248,SRR7414028,SRX4285248,Mus musculus,T cells,MemCD4T-1,GSM3212591,GSE116177,PAIRED,cDNA,TRANSCRIPTOMIC,RNA-Seq,Illumina HiSeq 2500
SRX4285250,SRR7414029,SRX4285250,Mus musculus,T cells,EffCD4T-1,GSM3212592,GSE116177,PAIRED,cDNA,TRANSCRIPTOMIC,RNA-Seq,Illumina HiSeq 2500
SRX4285250,SRR7414031,SRX4285250,Mus musculus,T cells,EffCD4T-1,GSM3212592,GSE116177,PAIRED,cDNA,TRANSCRIPTOMIC,RNA-Seq,Illumina HiSeq 2500
SRX4285250,SRR7414032,SRX4285250,Mus musculus,T cells,EffCD4T-1,GSM3212592,GSE116177,PAIRED,cDNA,TRANSCRIPTOMIC,RNA-Seq,Illumina HiSeq 2500
SRX4285250,SRR7414033,SRX4285250,Mus musculus,T cells,EffCD4T-1,GSM3212592,GSE116177,PAIRED,cDNA,TRANSCRIPTOMIC,RNA-Seq,Illumina HiSeq 2500
SRX4285250,SRR7414034,SRX4285250,Mus musculus,T cells,EffCD4T-1,GSM3212592,GSE116177,PAIRED,cDNA,TRANSCRIPTOMIC,RNA-Seq,Illumina HiSeq 2500
SRX4285250,SRR7414035,SRX4285250,Mus musculus,T cells,EffCD4T-1,GSM3212592,GSE116177,PAIRED,cDNA,TRANSCRIPTOMIC,RNA-Seq,Illumina HiSeq 2500
SRX4285250,SRR7414036,SRX4285250,Mus musculus,T cells,EffCD4T-1,GSM3212592,GSE116177,PAIRED,cDNA,TRANSCRIPTOMIC,RNA-Seq,Illumina HiSeq 2500
SRX4285250,SRR7414037,SRX4285250,Mus musculus,T cells,EffCD4T-1,GSM3212592,GSE116177,PAIRED,cDNA,TRANSCRIPTOMIC,RNA-Seq,Illumina HiSeq 2500
SRX4285251,SRR7414038,SRX4285251,Mus musculus,T cells,EffCD4T-2,GSM3212593,GSE116177,PAIRED,cDNA,TRANSCRIPTOMIC,RNA-Seq,Illumina HiSeq 2500
SRX4285251,SRR7414039,SRX4285251,Mus musculus,T cells,EffCD4T-2,GSM3212593,GSE116177,PAIRED,cDNA,TRANSCRIPTOMIC,RNA-Seq,Illumina HiSeq 2500
SRX4285251,SRR7414040,SRX4285251,Mus musculus,T cells,EffCD4T-2,GSM3212593,GSE116177,PAIRED,cDNA,TRANSCRIPTOMIC,RNA-Seq,Illumina HiSeq 2500
SRX4285251,SRR7414041,SRX4285251,Mus musculus,T cells,EffCD4T-2,GSM3212593,GSE116177,PAIRED,cDNA,TRANSCRIPTOMIC,RNA-Seq,Illumina HiSeq 2500
SRX4285251,SRR7414042,SRX4285251,Mus musculus,T cells,EffCD4T-2,GSM3212593,GSE116177,PAIRED,cDNA,TRANSCRIPTOMIC,RNA-Seq,Illumina HiSeq 2500
SRX4285251,SRR7414043,SRX4285251,Mus musculus,T cells,EffCD4T-2,GSM3212593,GSE116177,PAIRED,cDNA,TRANSCRIPTOMIC,RNA-Seq,Illumina HiSeq 2500
SRX4285251,SRR7414045,SRX4285251,Mus musculus,T cells,EffCD4T-2,GSM3212593,GSE116177,PAIRED,cDNA,TRANSCRIPTOMIC,RNA-Seq,Illumina HiSeq 2500
SRX4285251,SRR7414046,SRX4285251,Mus musculus,T cells,EffCD4T-2,GSM3212593,GSE116177,PAIRED,cDNA,TRANSCRIPTOMIC,RNA-Seq,Illumina HiSeq 2500
SRX4285252,SRR7414047,SRX4285252,Mus musculus,T cells,NveCD4T-1,GSM3212594,GSE116177,PAIRED,cDNA,TRANSCRIPTOMIC,RNA-Seq,Illumina HiSeq 2500
SRX4285252,SRR7414048,SRX4285252,Mus musculus,T cells,NveCD4T-1,GSM3212594,GSE116177,PAIRED,cDNA,TRANSCRIPTOMIC,RNA-Seq,Illumina HiSeq 2500
SRX4285252,SRR7414049,SRX4285252,Mus musculus,T cells,NveCD4T-1,GSM3212594,GSE116177,PAIRED,cDNA,TRANSCRIPTOMIC,RNA-Seq,Illumina HiSeq 2500
SRX4285252,SRR7414050,SRX4285252,Mus musculus,T cells,NveCD4T-1,GSM3212594,GSE116177,PAIRED,cDNA,TRANSCRIPTOMIC,RNA-Seq,Illumina HiSeq 2500
SRX4285252,SRR7414051,SRX4285252,Mus musculus,T cells,NveCD4T-1,GSM3212594,GSE116177,PAIRED,cDNA,TRANSCRIPTOMIC,RNA-Seq,Illumina HiSeq 2500
SRX4285252,SRR7414052,SRX4285252,Mus musculus,T cells,NveCD4T-1,GSM3212594,GSE116177,PAIRED,cDNA,TRANSCRIPTOMIC,RNA-Seq,Illumina HiSeq 2500
SRX4285252,SRR7414053,SRX4285252,Mus musculus,T cells,NveCD4T-1,GSM3212594,GSE116177,PAIRED,cDNA,TRANSCRIPTOMIC,RNA-Seq,Illumina HiSeq 2500
SRX4285252,SRR7414054,SRX4285252,Mus musculus,T cells,NveCD4T-1,GSM3212594,GSE116177,PAIRED,cDNA,TRANSCRIPTOMIC,RNA-Seq,Illumina HiSeq 2500
SRX4285253,SRR7414055,SRX4285253,Mus musculus,T cells,NveCD4T-2,GSM3212595,GSE116177,PAIRED,cDNA,TRANSCRIPTOMIC,RNA-Seq,Illumina HiSeq 2500
SRX4285253,SRR7414056,SRX4285253,Mus musculus,T cells,NveCD4T-2,GSM3212595,GSE116177,PAIRED,cDNA,TRANSCRIPTOMIC,RNA-Seq,Illumina HiSeq 2500
SRX4285253,SRR7414057,SRX4285253,Mus musculus,T cells,NveCD4T-2,GSM3212595,GSE116177,PAIRED,cDNA,TRANSCRIPTOMIC,RNA-Seq,Illumina HiSeq 2500
SRX4285253,SRR7414058,SRX4285253,Mus musculus,T cells,NveCD4T-2,GSM3212595,GSE116177,PAIRED,cDNA,TRANSCRIPTOMIC,RNA-Seq,Illumina HiSeq 2500
SRX4285253,SRR7414060,SRX4285253,Mus musculus,T cells,NveCD4T-2,GSM3212595,GSE116177,PAIRED,cDNA,TRANSCRIPTOMIC,RNA-Seq,Illumina HiSeq 2500
SRX4285253,SRR7414061,SRX4285253,Mus musculus,T cells,NveCD4T-2,GSM3212595,GSE116177,PAIRED,cDNA,TRANSCRIPTOMIC,RNA-Seq,Illumina HiSeq 2500
SRX4285253,SRR7414062,SRX4285253,Mus musculus,T cells,NveCD4T-2,GSM3212595,GSE116177,PAIRED,cDNA,TRANSCRIPTOMIC,RNA-Seq,Illumina HiSeq 2500
SRX4285253,SRR7414063,SRX4285253,Mus musculus,T cells,NveCD4T-2,GSM3212595,GSE116177,PAIRED,cDNA,TRANSCRIPTOMIC,RNA-Seq,Illumina HiSeq 2500
SRX4285254,SRR7414064,SRX4285254,Mus musculus,T cells,RegT-1,GSM3212596,GSE116177,PAIRED,cDNA,TRANSCRIPTOMIC,RNA-Seq,Illumina HiSeq 2500
SRX4285254,SRR7414065,SRX4285254,Mus musculus,T cells,RegT-1,GSM3212596,GSE116177,PAIRED,cDNA,TRANSCRIPTOMIC,RNA-Seq,Illumina HiSeq 2500
SRX4285254,SRR7414066,SRX4285254,Mus musculus,T cells,RegT-1,GSM3212596,GSE116177,PAIRED,cDNA,TRANSCRIPTOMIC,RNA-Seq,Illumina HiSeq 2500
SRX4285254,SRR7414067,SRX4285254,Mus musculus,T cells,RegT-1,GSM3212596,GSE116177,PAIRED,cDNA,TRANSCRIPTOMIC,RNA-Seq,Illumina HiSeq 2500
SRX4285254,SRR7414068,SRX4285254,Mus musculus,T cells,RegT-1,GSM3212596,GSE116177,PAIRED,cDNA,TRANSCRIPTOMIC,RNA-Seq,Illumina HiSeq 2500
SRX4285254,SRR7414069,SRX4285254,Mus musculus,T cells,RegT-1,GSM3212596,GSE116177,PAIRED,cDNA,TRANSCRIPTOMIC,RNA-Seq,Illumina HiSeq 2500
SRX4285254,SRR7414070,SRX4285254,Mus musculus,T cells,RegT-1,GSM3212596,GSE116177,PAIRED,cDNA,TRANSCRIPTOMIC,RNA-Seq,Illumina HiSeq 2500
SRX4285254,SRR7414071,SRX4285254,Mus musculus,T cells,RegT-1,GSM3212596,GSE116177,PAIRED,cDNA,TRANSCRIPTOMIC,RNA-Seq,Illumina HiSeq 2500
SRX4285255,SRR7414072,SRX4285255,Mus musculus,NK cells,NK-1,GSM3212597,GSE116177,PAIRED,cDNA,TRANSCRIPTOMIC,RNA-Seq,Illumina HiSeq 2500
SRX4285255,SRR7414073,SRX4285255,Mus musculus,NK cells,NK-1,GSM3212597,GSE116177,PAIRED,cDNA,TRANSCRIPTOMIC,RNA-Seq,Illumina HiSeq 2500
SRX4285255,SRR7414074,SRX4285255,Mus musculus,NK cells,NK-1,GSM3212597,GSE116177,PAIRED,cDNA,TRANSCRIPTOMIC,RNA-Seq,Illumina HiSeq 2500
SRX4285255,SRR7414075,SRX4285255,Mus musculus,NK cells,NK-1,GSM3212597,GSE116177,PAIRED,cDNA,TRANSCRIPTOMIC,RNA-Seq,Illumina HiSeq 2500
SRX4285255,SRR7414076,SRX4285255,Mus musculus,NK cells,NK-1,GSM3212597,GSE116177,PAIRED,cDNA,TRANSCRIPTOMIC,RNA-Seq,Illumina HiSeq 2500
SRX4285255,SRR7414077,SRX4285255,Mus musculus,NK cells,NK-1,GSM3212597,GSE116177,PAIRED,cDNA,TRANSCRIPTOMIC,RNA-Seq,Illumina HiSeq 2500
SRX4285255,SRR7414078,SRX4285255,Mus musculus,NK cells,NK-1,GSM3212597,GSE116177,PAIRED,cDNA,TRANSCRIPTOMIC,RNA-Seq,Illumina HiSeq 2500
SRX4285255,SRR7414080,SRX4285255,Mus musculus,NK cells,NK-1,GSM3212597,GSE116177,PAIRED,cDNA,TRANSCRIPTOMIC,RNA-Seq,Illumina HiSeq 2500
SRX4285256,SRR7414081,SRX4285256,Mus musculus,NK cells,NK-2,GSM3212598,GSE116177,PAIRED,cDNA,TRANSCRIPTOMIC,RNA-Seq,Illumina HiSeq 2500
SRX4285256,SRR7414082,SRX4285256,Mus musculus,NK cells,NK-2,GSM3212598,GSE116177,PAIRED,cDNA,TRANSCRIPTOMIC,RNA-Seq,Illumina HiSeq 2500
SRX4285256,SRR7414083,SRX4285256,Mus musculus,NK cells,NK-2,GSM3212598,GSE116177,PAIRED,cDNA,TRANSCRIPTOMIC,RNA-Seq,Illumina HiSeq 2500
SRX4285256,SRR7414084,SRX4285256,Mus musculus,NK cells,NK-2,GSM3212598,GSE116177,PAIRED,cDNA,TRANSCRIPTOMIC,RNA-Seq,Illumina HiSeq 2500
SRX4285256,SRR7414085,SRX4285256,Mus musculus,NK cells,NK-2,GSM3212598,GSE116177,PAIRED,cDNA,TRANSCRIPTOMIC,RNA-Seq,Illumina HiSeq 2500
SRX4285256,SRR7414086,SRX4285256,Mus musculus,NK cells,NK-2,GSM3212598,GSE116177,PAIRED,cDNA,TRANSCRIPTOMIC,RNA-Seq,Illumina HiSeq 2500
SRX4285256,SRR7414087,SRX4285256,Mus musculus,NK cells,NK-2,GSM3212598,GSE116177,PAIRED,cDNA,TRANSCRIPTOMIC,RNA-Seq,Illumina HiSeq 2500
SRX4285256,SRR7414088,SRX4285256,Mus musculus,NK cells,NK-2,GSM3212598,GSE116177,PAIRED,cDNA,TRANSCRIPTOMIC,RNA-Seq,Illumina HiSeq 2500
SRX4285257,SRR7414089,SRX4285257,Mus musculus,T cells,MemCD8T-1,GSM3212599,GSE116177,PAIRED,cDNA,TRANSCRIPTOMIC,RNA-Seq,Illumina HiSeq 2500
SRX4285257,SRR7414090,SRX4285257,Mus musculus,T cells,MemCD8T-1,GSM3212599,GSE116177,PAIRED,cDNA,TRANSCRIPTOMIC,RNA-Seq,Illumina HiSeq 2500
SRX4285257,SRR7414091,SRX4285257,Mus musculus,T cells,MemCD8T-1,GSM3212599,GSE116177,PAIRED,cDNA,TRANSCRIPTOMIC,RNA-Seq,Illumina HiSeq 2500
SRX4285257,SRR7414092,SRX4285257,Mus musculus,T cells,MemCD8T-1,GSM3212599,GSE116177,PAIRED,cDNA,TRANSCRIPTOMIC,RNA-Seq,Illumina HiSeq 2500
SRX4285257,SRR7414093,SRX4285257,Mus musculus,T cells,MemCD8T-1,GSM3212599,GSE116177,PAIRED,cDNA,TRANSCRIPTOMIC,RNA-Seq,Illumina HiSeq 2500
SRX4285257,SRR7414094,SRX4285257,Mus musculus,T cells,MemCD8T-1,GSM3212599,GSE116177,PAIRED,cDNA,TRANSCRIPTOMIC,RNA-Seq,Illumina HiSeq 2500
SRX4285257,SRR7414095,SRX4285257,Mus musculus,T cells,MemCD8T-1,GSM3212599,GSE116177,PAIRED,cDNA,TRANSCRIPTOMIC,RNA-Seq,Illumina HiSeq 2500
SRX4285257,SRR7414096,SRX4285257,Mus musculus,T cells,MemCD8T-1,GSM3212599,GSE116177,PAIRED,cDNA,TRANSCRIPTOMIC,RNA-Seq,Illumina HiSeq 2500
SRX4285258,SRR7414097,SRX4285258,Mus musculus,T cells,NveCd8T-1,GSM3212600,GSE116177,PAIRED,cDNA,TRANSCRIPTOMIC,RNA-Seq,Illumina HiSeq 2500
SRX4285258,SRR7414098,SRX4285258,Mus musculus,T cells,NveCd8T-1,GSM3212600,GSE116177,PAIRED,cDNA,TRANSCRIPTOMIC,RNA-Seq,Illumina HiSeq 2500
SRX4285258,SRR7414099,SRX4285258,Mus musculus,T cells,NveCd8T-1,GSM3212600,GSE116177,PAIRED,cDNA,TRANSCRIPTOMIC,RNA-Seq,Illumina HiSeq 2500
SRX4285258,SRR7414100,SRX4285258,Mus musculus,T cells,NveCd8T-1,GSM3212600,GSE116177,PAIRED,cDNA,TRANSCRIPTOMIC,RNA-Seq,Illumina HiSeq 2500
SRX4285258,SRR7414101,SRX4285258,Mus musculus,T cells,NveCd8T-1,GSM3212600,GSE116177,PAIRED,cDNA,TRANSCRIPTOMIC,RNA-Seq,Illumina HiSeq 2500
SRX4285258,SRR7414102,SRX4285258,Mus musculus,T cells,NveCd8T-1,GSM3212600,GSE116177,PAIRED,cDNA,TRANSCRIPTOMIC,RNA-Seq,Illumina HiSeq 2500
SRX4285258,SRR7414104,SRX4285258,Mus musculus,T cells,NveCd8T-1,GSM3212600,GSE116177,PAIRED,cDNA,TRANSCRIPTOMIC,RNA-Seq,Illumina HiSeq 2500
SRX4285258,SRR7414105,SRX4285258,Mus musculus,T cells,NveCd8T-1,GSM3212600,GSE116177,PAIRED,cDNA,TRANSCRIPTOMIC,RNA-Seq,Illumina HiSeq 2500
SRX4285259,SRR7414106,SRX4285259,Mus musculus,T cells,NveCd8T-2,GSM3212601,GSE116177,PAIRED,cDNA,TRANSCRIPTOMIC,RNA-Seq,Illumina HiSeq 2500
SRX4285259,SRR7414107,SRX4285259,Mus musculus,T cells,NveCd8T-2,GSM3212601,GSE116177,PAIRED,cDNA,TRANSCRIPTOMIC,RNA-Seq,Illumina HiSeq 2500
SRX4285259,SRR7414108,SRX4285259,Mus musculus,T cells,NveCd8T-2,GSM3212601,GSE116177,PAIRED,cDNA,TRANSCRIPTOMIC,RNA-Seq,Illumina HiSeq 2500
SRX4285259,SRR7414109,SRX4285259,Mus musculus,T cells,NveCd8T-2,GSM3212601,GSE116177,PAIRED,cDNA,TRANSCRIPTOMIC,RNA-Seq,Illumina HiSeq 2500
SRX4285259,SRR7414110,SRX4285259,Mus musculus,T cells,NveCd8T-2,GSM3212601,GSE116177,PAIRED,cDNA,TRANSCRIPTOMIC,RNA-Seq,Illumina HiSeq 2500
SRX4285259,SRR7414111,SRX4285259,Mus musculus,T cells,NveCd8T-2,GSM3212601,GSE116177,PAIRED,cDNA,TRANSCRIPTOMIC,RNA-Seq,Illumina HiSeq 2500
SRX4285259,SRR7414112,SRX4285259,Mus musculus,T cells,NveCd8T-2,GSM3212601,GSE116177,PAIRED,cDNA,TRANSCRIPTOMIC,RNA-Seq,Illumina HiSeq 2500
SRX4285259,SRR7414113,SRX4285259,Mus musculus,T cells,NveCd8T-2,GSM3212601,GSE116177,PAIRED,cDNA,TRANSCRIPTOMIC,RNA-Seq,Illumina HiSeq 2500
SRX4285260,SRR7414114,SRX4285260,Mus musculus,Neutrophils,NeutPB-3,GSM3212602,GSE116177,PAIRED,cDNA,TRANSCRIPTOMIC,RNA-Seq,Illumina HiSeq 2500
SRX4285260,SRR7414115,SRX4285260,Mus musculus,Neutrophils,NeutPB-3,GSM3212602,GSE116177,PAIRED,cDNA,TRANSCRIPTOMIC,RNA-Seq,Illumina HiSeq 2500
SRX4285260,SRR7414116,SRX4285260,Mus musculus,Neutrophils,NeutPB-3,GSM3212602,GSE116177,PAIRED,cDNA,TRANSCRIPTOMIC,RNA-Seq,Illumina HiSeq 2500
SRX4285260,SRR7414117,SRX4285260,Mus musculus,Neutrophils,NeutPB-3,GSM3212602,GSE116177,PAIRED,cDNA,TRANSCRIPTOMIC,RNA-Seq,Illumina HiSeq 2500
SRX4285260,SRR7414118,SRX4285260,Mus musculus,Neutrophils,NeutPB-3,GSM3212602,GSE116177,PAIRED,cDNA,TRANSCRIPTOMIC,RNA-Seq,Illumina HiSeq 2500
SRX4285260,SRR7414120,SRX4285260,Mus musculus,Neutrophils,NeutPB-3,GSM3212602,GSE116177,PAIRED,cDNA,TRANSCRIPTOMIC,RNA-Seq,Illumina HiSeq 2500
SRX4285260,SRR7414121,SRX4285260,Mus musculus,Neutrophils,NeutPB-3,GSM3212602,GSE116177,PAIRED,cDNA,TRANSCRIPTOMIC,RNA-Seq,Illumina HiSeq 2500
SRX4285260,SRR7414122,SRX4285260,Mus musculus,Neutrophils,NeutPB-3,GSM3212602,GSE116177,PAIRED,cDNA,TRANSCRIPTOMIC,RNA-Seq,Illumina HiSeq 2500
SRX4285261,SRR7414123,SRX4285261,Mus musculus,Neutrophils,NeutPB-4,GSM3212603,GSE116177,PAIRED,cDNA,TRANSCRIPTOMIC,RNA-Seq,Illumina HiSeq 2500
SRX4285261,SRR7414124,SRX4285261,Mus musculus,Neutrophils,NeutPB-4,GSM3212603,GSE116177,PAIRED,cDNA,TRANSCRIPTOMIC,RNA-Seq,Illumina HiSeq 2500
SRX4285261,SRR7414125,SRX4285261,Mus musculus,Neutrophils,NeutPB-4,GSM3212603,GSE116177,PAIRED,cDNA,TRANSCRIPTOMIC,RNA-Seq,Illumina HiSeq 2500
SRX4285261,SRR7414126,SRX4285261,Mus musculus,Neutrophils,NeutPB-4,GSM3212603,GSE116177,PAIRED,cDNA,TRANSCRIPTOMIC,RNA-Seq,Illumina HiSeq 2500
SRX4285261,SRR7414127,SRX4285261,Mus musculus,Neutrophils,NeutPB-4,GSM3212603,GSE116177,PAIRED,cDNA,TRANSCRIPTOMIC,RNA-Seq,Illumina HiSeq 2500
SRX4285261,SRR7414128,SRX4285261,Mus musculus,Neutrophils,NeutPB-4,GSM3212603,GSE116177,PAIRED,cDNA,TRANSCRIPTOMIC,RNA-Seq,Illumina HiSeq 2500
SRX4285261,SRR7414129,SRX4285261,Mus musculus,Neutrophils,NeutPB-4,GSM3212603,GSE116177,PAIRED,cDNA,TRANSCRIPTOMIC,RNA-Seq,Illumina HiSeq 2500
SRX4285261,SRR7414130,SRX4285261,Mus musculus,Neutrophils,NeutPB-4,GSM3212603,GSE116177,PAIRED,cDNA,TRANSCRIPTOMIC,RNA-Seq,Illumina HiSeq 2500
SRX4285262,SRR7414131,SRX4285262,Mus musculus,T cells,RegT-2,GSM3212604,GSE116177,PAIRED,cDNA,TRANSCRIPTOMIC,RNA-Seq,Illumina HiSeq 2500
SRX4285262,SRR7414132,SRX4285262,Mus musculus,T cells,RegT-2,GSM3212604,GSE116177,PAIRED,cDNA,TRANSCRIPTOMIC,RNA-Seq,Illumina HiSeq 2500
SRX4285262,SRR7414133,SRX4285262,Mus musculus,T cells,RegT-2,GSM3212604,GSE116177,PAIRED,cDNA,TRANSCRIPTOMIC,RNA-Seq,Illumina HiSeq 2500
SRX4285262,SRR7414134,SRX4285262,Mus musculus,T cells,RegT-2,GSM3212604,GSE116177,PAIRED,cDNA,TRANSCRIPTOMIC,RNA-Seq,Illumina HiSeq 2500
SRX4285262,SRR7414135,SRX4285262,Mus musculus,T cells,RegT-2,GSM3212604,GSE116177,PAIRED,cDNA,TRANSCRIPTOMIC,RNA-Seq,Illumina HiSeq 2500
SRX4285262,SRR7414136,SRX4285262,Mus musculus,T cells,RegT-2,GSM3212604,GSE116177,PAIRED,cDNA,TRANSCRIPTOMIC,RNA-Seq,Illumina HiSeq 2500
SRX4285262,SRR7414137,SRX4285262,Mus musculus,T cells,RegT-2,GSM3212604,GSE116177,PAIRED,cDNA,TRANSCRIPTOMIC,RNA-Seq,Illumina HiSeq 2500
SRX4285262,SRR7414138,SRX4285262,Mus musculus,T cells,RegT-2,GSM3212604,GSE116177,PAIRED,cDNA,TRANSCRIPTOMIC,RNA-Seq,Illumina HiSeq 2500
SRX4285264,SRR7414139,SRX4285264,Mus musculus,T cells,MemCD4T-2,GSM3212605,GSE116177,PAIRED,cDNA,TRANSCRIPTOMIC,RNA-Seq,Illumina HiSeq 2500
SRX4285264,SRR7414140,SRX4285264,Mus musculus,T cells,MemCD4T-2,GSM3212605,GSE116177,PAIRED,cDNA,TRANSCRIPTOMIC,RNA-Seq,Illumina HiSeq 2500
SRX4285264,SRR7414141,SRX4285264,Mus musculus,T cells,MemCD4T-2,GSM3212605,GSE116177,PAIRED,cDNA,TRANSCRIPTOMIC,RNA-Seq,Illumina HiSeq 2500
SRX4285264,SRR7414142,SRX4285264,Mus musculus,T cells,MemCD4T-2,GSM3212605,GSE116177,PAIRED,cDNA,TRANSCRIPTOMIC,RNA-Seq,Illumina HiSeq 2500
SRX4285264,SRR7414143,SRX4285264,Mus musculus,T cells,MemCD4T-2,GSM3212605,GSE116177,PAIRED,cDNA,TRANSCRIPTOMIC,RNA-Seq,Illumina HiSeq 2500
SRX4285264,SRR7414145,SRX4285264,Mus musculus,T cells,MemCD4T-2,GSM3212605,GSE116177,PAIRED,cDNA,TRANSCRIPTOMIC,RNA-Seq,Illumina HiSeq 2500
SRX4285264,SRR7414146,SRX4285264,Mus musculus,T cells,MemCD4T-2,GSM3212605,GSE116177,PAIRED,cDNA,TRANSCRIPTOMIC,RNA-Seq,Illumina HiSeq 2500
SRX4285264,SRR7414147,SRX4285264,Mus musculus,T cells,MemCD4T-2,GSM3212605,GSE116177,PAIRED,cDNA,TRANSCRIPTOMIC,RNA-Seq,Illumina HiSeq 2500
SRX4285265,SRR7414148,SRX4285265,Mus musculus,T cells,MegCD8T-1,GSM3212606,GSE116177,PAIRED,cDNA,TRANSCRIPTOMIC,RNA-Seq,Illumina HiSeq 2500
SRX4285265,SRR7414149,SRX4285265,Mus musculus,T cells,MegCD8T-1,GSM3212606,GSE116177,PAIRED,cDNA,TRANSCRIPTOMIC,RNA-Seq,Illumina HiSeq 2500
SRX4285265,SRR7414150,SRX4285265,Mus musculus,T cells,MegCD8T-1,GSM3212606,GSE116177,PAIRED,cDNA,TRANSCRIPTOMIC,RNA-Seq,Illumina HiSeq 2500
SRX4285265,SRR7414151,SRX4285265,Mus musculus,T cells,MegCD8T-1,GSM3212606,GSE116177,PAIRED,cDNA,TRANSCRIPTOMIC,RNA-Seq,Illumina HiSeq 2500
SRX4285265,SRR7414152,SRX4285265,Mus musculus,T cells,MegCD8T-1,GSM3212606,GSE116177,PAIRED,cDNA,TRANSCRIPTOMIC,RNA-Seq,Illumina HiSeq 2500
SRX4285265,SRR7414153,SRX4285265,Mus musculus,T cells,MegCD8T-1,GSM3212606,GSE116177,PAIRED,cDNA,TRANSCRIPTOMIC,RNA-Seq,Illumina HiSeq 2500
SRX4285265,SRR7414154,SRX4285265,Mus musculus,T cells,MegCD8T-1,GSM3212606,GSE116177,PAIRED,cDNA,TRANSCRIPTOMIC,RNA-Seq,Illumina HiSeq 2500
SRX4285265,SRR7414155,SRX4285265,Mus musculus,T cells,MegCD8T-1,GSM3212606,GSE116177,PAIRED,cDNA,TRANSCRIPTOMIC,RNA-Seq,Illumina HiSeq 2500
SRX4285266,SRR7414156,SRX4285266,Mus musculus,Dendritic cells,pDC-1,GSM3212607,GSE116177,PAIRED,cDNA,TRANSCRIPTOMIC,RNA-Seq,Illumina HiSeq 2500
SRX4285266,SRR7414157,SRX4285266,Mus musculus,Dendritic cells,pDC-1,GSM3212607,GSE116177,PAIRED,cDNA,TRANSCRIPTOMIC,RNA-Seq,Illumina HiSeq 2500
SRX4285266,SRR7414158,SRX4285266,Mus musculus,Dendritic cells,pDC-1,GSM3212607,GSE116177,PAIRED,cDNA,TRANSCRIPTOMIC,RNA-Seq,Illumina HiSeq 2500
SRX4285266,SRR7414159,SRX4285266,Mus musculus,Dendritic cells,pDC-1,GSM3212607,GSE116177,PAIRED,cDNA,TRANSCRIPTOMIC,RNA-Seq,Illumina HiSeq 2500
SRX4285266,SRR7414160,SRX4285266,Mus musculus,Dendritic cells,pDC-1,GSM3212607,GSE116177,PAIRED,cDNA,TRANSCRIPTOMIC,RNA-Seq,Illumina HiSeq 2500
SRX4285266,SRR7414161,SRX4285266,Mus musculus,Dendritic cells,pDC-1,GSM3212607,GSE116177,PAIRED,cDNA,TRANSCRIPTOMIC,RNA-Seq,Illumina HiSeq 2500
SRX4285266,SRR7414162,SRX4285266,Mus musculus,Dendritic cells,pDC-1,GSM3212607,GSE116177,PAIRED,cDNA,TRANSCRIPTOMIC,RNA-Seq,Illumina HiSeq 2500
SRX4285266,SRR7414163,SRX4285266,Mus musculus,Dendritic cells,pDC-1,GSM3212607,GSE116177,PAIRED,cDNA,TRANSCRIPTOMIC,RNA-Seq,Illumina HiSeq 2500
SRX4285267,SRR7414165,SRX4285267,Mus musculus,Dendritic cells,pDC-2,GSM3212608,GSE116177,PAIRED,cDNA,TRANSCRIPTOMIC,RNA-Seq,Illumina HiSeq 2500
SRX4285267,SRR7414166,SRX4285267,Mus musculus,Dendritic cells,pDC-2,GSM3212608,GSE116177,PAIRED,cDNA,TRANSCRIPTOMIC,RNA-Seq,Illumina HiSeq 2500
SRX4285267,SRR7414167,SRX4285267,Mus musculus,Dendritic cells,pDC-2,GSM3212608,GSE116177,PAIRED,cDNA,TRANSCRIPTOMIC,RNA-Seq,Illumina HiSeq 2500
SRX4285267,SRR7414168,SRX4285267,Mus musculus,Dendritic cells,pDC-2,GSM3212608,GSE116177,PAIRED,cDNA,TRANSCRIPTOMIC,RNA-Seq,Illumina HiSeq 2500
SRX4285267,SRR7414169,SRX4285267,Mus musculus,Dendritic cells,pDC-2,GSM3212608,GSE116177,PAIRED,cDNA,TRANSCRIPTOMIC,RNA-Seq,Illumina HiSeq 2500
SRX4285267,SRR7414170,SRX4285267,Mus musculus,Dendritic cells,pDC-2,GSM3212608,GSE116177,PAIRED,cDNA,TRANSCRIPTOMIC,RNA-Seq,Illumina HiSeq 2500
SRX4285267,SRR7414171,SRX4285267,Mus musculus,Dendritic cells,pDC-2,GSM3212608,GSE116177,PAIRED,cDNA,TRANSCRIPTOMIC,RNA-Seq,Illumina HiSeq 2500
SRX4285267,SRR7414172,SRX4285267,Mus musculus,Dendritic cells,pDC-2,GSM3212608,GSE116177,PAIRED,cDNA,TRANSCRIPTOMIC,RNA-Seq,Illumina HiSeq 2500
SRX4285268,SRR7414173,SRX4285268,Mus musculus,Dendritic cells,cDC2-1,GSM3212609,GSE116177,PAIRED,cDNA,TRANSCRIPTOMIC,RNA-Seq,Illumina HiSeq 2500
SRX4285268,SRR7414174,SRX4285268,Mus musculus,Dendritic cells,cDC2-1,GSM3212609,GSE116177,PAIRED,cDNA,TRANSCRIPTOMIC,RNA-Seq,Illumina HiSeq 2500
SRX4285268,SRR7414175,SRX4285268,Mus musculus,Dendritic cells,cDC2-1,GSM3212609,GSE116177,PAIRED,cDNA,TRANSCRIPTOMIC,RNA-Seq,Illumina HiSeq 2500
SRX4285268,SRR7414176,SRX4285268,Mus musculus,Dendritic cells,cDC2-1,GSM3212609,GSE116177,PAIRED,cDNA,TRANSCRIPTOMIC,RNA-Seq,Illumina HiSeq 2500
SRX4285268,SRR7414177,SRX4285268,Mus musculus,Dendritic cells,cDC2-1,GSM3212609,GSE116177,PAIRED,cDNA,TRANSCRIPTOMIC,RNA-Seq,Illumina HiSeq 2500
SRX4285268,SRR7414178,SRX4285268,Mus musculus,Dendritic cells,cDC2-1,GSM3212609,GSE116177,PAIRED,cDNA,TRANSCRIPTOMIC,RNA-Seq,Illumina HiSeq 2500
SRX4285268,SRR7414179,SRX4285268,Mus musculus,Dendritic cells,cDC2-1,GSM3212609,GSE116177,PAIRED,cDNA,TRANSCRIPTOMIC,RNA-Seq,Illumina HiSeq 2500
SRX4285268,SRR7414180,SRX4285268,Mus musculus,Dendritic cells,cDC2-1,GSM3212609,GSE116177,PAIRED,cDNA,TRANSCRIPTOMIC,RNA-Seq,Illumina HiSeq 2500
SRX4285269,SRR7414182,SRX4285269,Mus musculus,Dendritic cells,cDC2-2,GSM3212610,GSE116177,PAIRED,cDNA,TRANSCRIPTOMIC,RNA-Seq,Illumina HiSeq 2500
SRX4285269,SRR7414183,SRX4285269,Mus musculus,Dendritic cells,cDC2-2,GSM3212610,GSE116177,PAIRED,cDNA,TRANSCRIPTOMIC,RNA-Seq,Illumina HiSeq 2500
SRX4285269,SRR7414184,SRX4285269,Mus musculus,Dendritic cells,cDC2-2,GSM3212610,GSE116177,PAIRED,cDNA,TRANSCRIPTOMIC,RNA-Seq,Illumina HiSeq 2500
SRX4285269,SRR7414185,SRX4285269,Mus musculus,Dendritic cells,cDC2-2,GSM3212610,GSE116177,PAIRED,cDNA,TRANSCRIPTOMIC,RNA-Seq,Illumina HiSeq 2500
SRX4285269,SRR7414186,SRX4285269,Mus musculus,Dendritic cells,cDC2-2,GSM3212610,GSE116177,PAIRED,cDNA,TRANSCRIPTOMIC,RNA-Seq,Illumina HiSeq 2500
SRX4285269,SRR7414187,SRX4285269,Mus musculus,Dendritic cells,cDC2-2,GSM3212610,GSE116177,PAIRED,cDNA,TRANSCRIPTOMIC,RNA-Seq,Illumina HiSeq 2500
SRX4285269,SRR7414188,SRX4285269,Mus musculus,Dendritic cells,cDC2-2,GSM3212610,GSE116177,PAIRED,cDNA,TRANSCRIPTOMIC,RNA-Seq,Illumina HiSeq 2500
SRX4285269,SRR7414189,SRX4285269,Mus musculus,Dendritic cells,cDC2-2,GSM3212610,GSE116177,PAIRED,cDNA,TRANSCRIPTOMIC,RNA-Seq,Illumina HiSeq 2500
SRX4285271,SRR7414199,SRX4285271,Mus musculus,Eosinophils,EoSSCHi-1,GSM3212612,GSE116177,PAIRED,cDNA,TRANSCRIPTOMIC,RNA-Seq,Illumina HiSeq 2500
SRX4285271,SRR7414200,SRX4285271,Mus musculus,Eosinophils,EoSSCHi-1,GSM3212612,GSE116177,PAIRED,cDNA,TRANSCRIPTOMIC,RNA-Seq,Illumina HiSeq 2500
SRX4285271,SRR7414201,SRX4285271,Mus musculus,Eosinophils,EoSSCHi-1,GSM3212612,GSE116177,PAIRED,cDNA,TRANSCRIPTOMIC,RNA-Seq,Illumina HiSeq 2500
SRX4285271,SRR7414202,SRX4285271,Mus musculus,Eosinophils,EoSSCHi-1,GSM3212612,GSE116177,PAIRED,cDNA,TRANSCRIPTOMIC,RNA-Seq,Illumina HiSeq 2500
SRX4285271,SRR7414203,SRX4285271,Mus musculus,Eosinophils,EoSSCHi-1,GSM3212612,GSE116177,PAIRED,cDNA,TRANSCRIPTOMIC,RNA-Seq,Illumina HiSeq 2500
SRX4285271,SRR7414204,SRX4285271,Mus musculus,Eosinophils,EoSSCHi-1,GSM3212612,GSE116177,PAIRED,cDNA,TRANSCRIPTOMIC,RNA-Seq,Illumina HiSeq 2500
SRX4285271,SRR7414205,SRX4285271,Mus musculus,Eosinophils,EoSSCHi-1,GSM3212612,GSE116177,PAIRED,cDNA,TRANSCRIPTOMIC,RNA-Seq,Illumina HiSeq 2500
SRX4285271,SRR7414206,SRX4285271,Mus musculus,Eosinophils,EoSSCHi-1,GSM3212612,GSE116177,PAIRED,cDNA,TRANSCRIPTOMIC,RNA-Seq,Illumina HiSeq 2500
SRX4285272,SRR7414207,SRX4285272,Mus musculus,Eosinophils,EoSSCLo-1,GSM3212613,GSE116177,PAIRED,cDNA,TRANSCRIPTOMIC,RNA-Seq,Illumina HiSeq 2500
SRX4285272,SRR7414208,SRX4285272,Mus musculus,Eosinophils,EoSSCLo-1,GSM3212613,GSE116177,PAIRED,cDNA,TRANSCRIPTOMIC,RNA-Seq,Illumina HiSeq 2500
SRX4285272,SRR7414209,SRX4285272,Mus musculus,Eosinophils,EoSSCLo-1,GSM3212613,GSE116177,PAIRED,cDNA,TRANSCRIPTOMIC,RNA-Seq,Illumina HiSeq 2500
SRX4285272,SRR7414210,SRX4285272,Mus musculus,Eosinophils,EoSSCLo-1,GSM3212613,GSE116177,PAIRED,cDNA,TRANSCRIPTOMIC,RNA-Seq,Illumina HiSeq 2500
SRX4285272,SRR7414212,SRX4285272,Mus musculus,Eosinophils,EoSSCLo-1,GSM3212613,GSE116177,PAIRED,cDNA,TRANSCRIPTOMIC,RNA-Seq,Illumina HiSeq 2500
SRX4285272,SRR7414213,SRX4285272,Mus musculus,Eosinophils,EoSSCLo-1,GSM3212613,GSE116177,PAIRED,cDNA,TRANSCRIPTOMIC,RNA-Seq,Illumina HiSeq 2500
SRX4285272,SRR7414214,SRX4285272,Mus musculus,Eosinophils,EoSSCLo-1,GSM3212613,GSE116177,PAIRED,cDNA,TRANSCRIPTOMIC,RNA-Seq,Illumina HiSeq 2500
SRX4285272,SRR7414215,SRX4285272,Mus musculus,Eosinophils,EoSSCLo-1,GSM3212613,GSE116177,PAIRED,cDNA,TRANSCRIPTOMIC,RNA-Seq,Illumina HiSeq 2500
SRX4285273,SRR7414216,SRX4285273,Mus musculus,Eosinophils,EoSSCLo-2,GSM3212614,GSE116177,PAIRED,cDNA,TRANSCRIPTOMIC,RNA-Seq,Illumina HiSeq 2500
SRX4285273,SRR7414217,SRX4285273,Mus musculus,Eosinophils,EoSSCLo-2,GSM3212614,GSE116177,PAIRED,cDNA,TRANSCRIPTOMIC,RNA-Seq,Illumina HiSeq 2500
SRX4285273,SRR7414218,SRX4285273,Mus musculus,Eosinophils,EoSSCLo-2,GSM3212614,GSE116177,PAIRED,cDNA,TRANSCRIPTOMIC,RNA-Seq,Illumina HiSeq 2500
SRX4285273,SRR7414219,SRX4285273,Mus musculus,Eosinophils,EoSSCLo-2,GSM3212614,GSE116177,PAIRED,cDNA,TRANSCRIPTOMIC,RNA-Seq,Illumina HiSeq 2500
SRX4285273,SRR7414220,SRX4285273,Mus musculus,Eosinophils,EoSSCLo-2,GSM3212614,GSE116177,PAIRED,cDNA,TRANSCRIPTOMIC,RNA-Seq,Illumina HiSeq 2500
SRX4285273,SRR7414221,SRX4285273,Mus musculus,Eosinophils,EoSSCLo-2,GSM3212614,GSE116177,PAIRED,cDNA,TRANSCRIPTOMIC,RNA-Seq,Illumina HiSeq 2500
SRX4285273,SRR7414222,SRX4285273,Mus musculus,Eosinophils,EoSSCLo-2,GSM3212614,GSE116177,PAIRED,cDNA,TRANSCRIPTOMIC,RNA-Seq,Illumina HiSeq 2500
SRX4285273,SRR7414223,SRX4285273,Mus musculus,Eosinophils,EoSSCLo-2,GSM3212614,GSE116177,PAIRED,cDNA,TRANSCRIPTOMIC,RNA-Seq,Illumina HiSeq 2500
SRX4285276,SRR7414232,SRX4285276,Mus musculus,Eosinophils,EoSSCHi-2,GSM3212616,GSE116177,PAIRED,cDNA,TRANSCRIPTOMIC,RNA-Seq,Illumina HiSeq 2500
SRX4285276,SRR7414233,SRX4285276,Mus musculus,Eosinophils,EoSSCHi-2,GSM3212616,GSE116177,PAIRED,cDNA,TRANSCRIPTOMIC,RNA-Seq,Illumina HiSeq 2500
SRX4285276,SRR7414234,SRX4285276,Mus musculus,Eosinophils,EoSSCHi-2,GSM3212616,GSE116177,PAIRED,cDNA,TRANSCRIPTOMIC,RNA-Seq,Illumina HiSeq 2500
SRX4285276,SRR7414235,SRX4285276,Mus musculus,Eosinophils,EoSSCHi-2,GSM3212616,GSE116177,PAIRED,cDNA,TRANSCRIPTOMIC,RNA-Seq,Illumina HiSeq 2500
SRX4285276,SRR7414236,SRX4285276,Mus musculus,Eosinophils,EoSSCHi-2,GSM3212616,GSE116177,PAIRED,cDNA,TRANSCRIPTOMIC,RNA-Seq,Illumina HiSeq 2500
SRX4285276,SRR7414237,SRX4285276,Mus musculus,Eosinophils,EoSSCHi-2,GSM3212616,GSE116177,PAIRED,cDNA,TRANSCRIPTOMIC,RNA-Seq,Illumina HiSeq 2500
SRX4285276,SRR7414238,SRX4285276,Mus musculus,Eosinophils,EoSSCHi-2,GSM3212616,GSE116177,PAIRED,cDNA,TRANSCRIPTOMIC,RNA-Seq,Illumina HiSeq 2500
SRX4285276,SRR7414239,SRX4285276,Mus musculus,Eosinophils,EoSSCHi-2,GSM3212616,GSE116177,PAIRED,cDNA,TRANSCRIPTOMIC,RNA-Seq,Illumina HiSeq 2500
SRX4285277,SRR7414240,SRX4285277,Mus musculus,Eosinophils,EoSSCLo-3,GSM3212617,GSE116177,PAIRED,cDNA,TRANSCRIPTOMIC,RNA-Seq,Illumina HiSeq 2500
SRX4285277,SRR7414241,SRX4285277,Mus musculus,Eosinophils,EoSSCLo-3,GSM3212617,GSE116177,PAIRED,cDNA,TRANSCRIPTOMIC,RNA-Seq,Illumina HiSeq 2500
SRX4285277,SRR7414242,SRX4285277,Mus musculus,Eosinophils,EoSSCLo-3,GSM3212617,GSE116177,PAIRED,cDNA,TRANSCRIPTOMIC,RNA-Seq,Illumina HiSeq 2500
SRX4285277,SRR7414243,SRX4285277,Mus musculus,Eosinophils,EoSSCLo-3,GSM3212617,GSE116177,PAIRED,cDNA,TRANSCRIPTOMIC,RNA-Seq,Illumina HiSeq 2500
SRX4285277,SRR7414244,SRX4285277,Mus musculus,Eosinophils,EoSSCLo-3,GSM3212617,GSE116177,PAIRED,cDNA,TRANSCRIPTOMIC,RNA-Seq,Illumina HiSeq 2500
SRX4285277,SRR7414245,SRX4285277,Mus musculus,Eosinophils,EoSSCLo-3,GSM3212617,GSE116177,PAIRED,cDNA,TRANSCRIPTOMIC,RNA-Seq,Illumina HiSeq 2500
SRX4285277,SRR7414246,SRX4285277,Mus musculus,Eosinophils,EoSSCLo-3,GSM3212617,GSE116177,PAIRED,cDNA,TRANSCRIPTOMIC,RNA-Seq,Illumina HiSeq 2500
SRX4285277,SRR7414247,SRX4285277,Mus musculus,Eosinophils,EoSSCLo-3,GSM3212617,GSE116177,PAIRED,cDNA,TRANSCRIPTOMIC,RNA-Seq,Illumina HiSeq 2500
SRX4285278,SRR7414248,SRX4285278,Mus musculus,Eosinophils,EoSSCHi-3,GSM3212618,GSE116177,PAIRED,cDNA,TRANSCRIPTOMIC,RNA-Seq,Illumina HiSeq 2500
SRX4285278,SRR7414249,SRX4285278,Mus musculus,Eosinophils,EoSSCHi-3,GSM3212618,GSE116177,PAIRED,cDNA,TRANSCRIPTOMIC,RNA-Seq,Illumina HiSeq 2500
SRX4285278,SRR7414250,SRX4285278,Mus musculus,Eosinophils,EoSSCHi-3,GSM3212618,GSE116177,PAIRED,cDNA,TRANSCRIPTOMIC,RNA-Seq,Illumina HiSeq 2500
SRX4285278,SRR7414251,SRX4285278,Mus musculus,Eosinophils,EoSSCHi-3,GSM3212618,GSE116177,PAIRED,cDNA,TRANSCRIPTOMIC,RNA-Seq,Illumina HiSeq 2500
SRX4285278,SRR7414252,SRX4285278,Mus musculus,Eosinophils,EoSSCHi-3,GSM3212618,GSE116177,PAIRED,cDNA,TRANSCRIPTOMIC,RNA-Seq,Illumina HiSeq 2500
SRX4285278,SRR7414253,SRX4285278,Mus musculus,Eosinophils,EoSSCHi-3,GSM3212618,GSE116177,PAIRED,cDNA,TRANSCRIPTOMIC,RNA-Seq,Illumina HiSeq 2500
SRX4285278,SRR7414254,SRX4285278,Mus musculus,Eosinophils,EoSSCHi-3,GSM3212618,GSE116177,PAIRED,cDNA,TRANSCRIPTOMIC,RNA-Seq,Illumina HiSeq 2500
SRX4285278,SRR7414255,SRX4285278,Mus musculus,Eosinophils,EoSSCHi-3,GSM3212618,GSE116177,PAIRED,cDNA,TRANSCRIPTOMIC,RNA-Seq,Illumina HiSeq 2500
SRX4285280,SRR7414264,SRX4285280,Mus musculus,Eosinophils,EoSSCHi-4,GSM3212620,GSE116177,PAIRED,cDNA,TRANSCRIPTOMIC,RNA-Seq,Illumina HiSeq 2500
SRX4285280,SRR7414265,SRX4285280,Mus musculus,Eosinophils,EoSSCHi-4,GSM3212620,GSE116177,PAIRED,cDNA,TRANSCRIPTOMIC,RNA-Seq,Illumina HiSeq 2500
SRX4285280,SRR7414266,SRX4285280,Mus musculus,Eosinophils,EoSSCHi-4,GSM3212620,GSE116177,PAIRED,cDNA,TRANSCRIPTOMIC,RNA-Seq,Illumina HiSeq 2500
SRX4285280,SRR7414267,SRX4285280,Mus musculus,Eosinophils,EoSSCHi-4,GSM3212620,GSE116177,PAIRED,cDNA,TRANSCRIPTOMIC,RNA-Seq,Illumina HiSeq 2500
SRX4285280,SRR7414268,SRX4285280,Mus musculus,Eosinophils,EoSSCHi-4,GSM3212620,GSE116177,PAIRED,cDNA,TRANSCRIPTOMIC,RNA-Seq,Illumina HiSeq 2500
SRX4285280,SRR7414269,SRX4285280,Mus musculus,Eosinophils,EoSSCHi-4,GSM3212620,GSE116177,PAIRED,cDNA,TRANSCRIPTOMIC,RNA-Seq,Illumina HiSeq 2500
SRX4285280,SRR7414270,SRX4285280,Mus musculus,Eosinophils,EoSSCHi-4,GSM3212620,GSE116177,PAIRED,cDNA,TRANSCRIPTOMIC,RNA-Seq,Illumina HiSeq 2500
SRX4285280,SRR7414271,SRX4285280,Mus musculus,Eosinophils,EoSSCHi-4,GSM3212620,GSE116177,PAIRED,cDNA,TRANSCRIPTOMIC,RNA-Seq,Illumina HiSeq 2500
SRX4285281,SRR7414272,SRX4285281,Mus musculus,Eosinophils,EoSSCHi-5,GSM3212621,GSE116177,PAIRED,cDNA,TRANSCRIPTOMIC,RNA-Seq,Illumina HiSeq 2500
SRX4285281,SRR7414273,SRX4285281,Mus musculus,Eosinophils,EoSSCHi-5,GSM3212621,GSE116177,PAIRED,cDNA,TRANSCRIPTOMIC,RNA-Seq,Illumina HiSeq 2500
SRX4285281,SRR7414274,SRX4285281,Mus musculus,Eosinophils,EoSSCHi-5,GSM3212621,GSE116177,PAIRED,cDNA,TRANSCRIPTOMIC,RNA-Seq,Illumina HiSeq 2500
SRX4285281,SRR7414275,SRX4285281,Mus musculus,Eosinophils,EoSSCHi-5,GSM3212621,GSE116177,PAIRED,cDNA,TRANSCRIPTOMIC,RNA-Seq,Illumina HiSeq 2500
SRX4285281,SRR7414276,SRX4285281,Mus musculus,Eosinophils,EoSSCHi-5,GSM3212621,GSE116177,PAIRED,cDNA,TRANSCRIPTOMIC,RNA-Seq,Illumina HiSeq 2500
SRX4285281,SRR7414277,SRX4285281,Mus musculus,Eosinophils,EoSSCHi-5,GSM3212621,GSE116177,PAIRED,cDNA,TRANSCRIPTOMIC,RNA-Seq,Illumina HiSeq 2500
SRX4285281,SRR7414278,SRX4285281,Mus musculus,Eosinophils,EoSSCHi-5,GSM3212621,GSE116177,PAIRED,cDNA,TRANSCRIPTOMIC,RNA-Seq,Illumina HiSeq 2500
SRX4285281,SRR7414279,SRX4285281,Mus musculus,Eosinophils,EoSSCHi-5,GSM3212621,GSE116177,PAIRED,cDNA,TRANSCRIPTOMIC,RNA-Seq,Illumina HiSeq 2500
SRX4285289,SRR7414328,SRX4285289,Mus musculus,Eosinophils,EoSSCHi-6,GSM3212628,GSE116177,PAIRED,cDNA,TRANSCRIPTOMIC,RNA-Seq,Illumina HiSeq 2500
SRX4285289,SRR7414329,SRX4285289,Mus musculus,Eosinophils,EoSSCHi-6,GSM3212628,GSE116177,PAIRED,cDNA,TRANSCRIPTOMIC,RNA-Seq,Illumina HiSeq 2500
SRX4285289,SRR7414330,SRX4285289,Mus musculus,Eosinophils,EoSSCHi-6,GSM3212628,GSE116177,PAIRED,cDNA,TRANSCRIPTOMIC,RNA-Seq,Illumina HiSeq 2500
SRX4285289,SRR7414331,SRX4285289,Mus musculus,Eosinophils,EoSSCHi-6,GSM3212628,GSE116177,PAIRED,cDNA,TRANSCRIPTOMIC,RNA-Seq,Illumina HiSeq 2500
SRX4285289,SRR7414332,SRX4285289,Mus musculus,Eosinophils,EoSSCHi-6,GSM3212628,GSE116177,PAIRED,cDNA,TRANSCRIPTOMIC,RNA-Seq,Illumina HiSeq 2500
SRX4285289,SRR7414333,SRX4285289,Mus musculus,Eosinophils,EoSSCHi-6,GSM3212628,GSE116177,PAIRED,cDNA,TRANSCRIPTOMIC,RNA-Seq,Illumina HiSeq 2500
SRX4285289,SRR7414334,SRX4285289,Mus musculus,Eosinophils,EoSSCHi-6,GSM3212628,GSE116177,PAIRED,cDNA,TRANSCRIPTOMIC,RNA-Seq,Illumina HiSeq 2500
SRX4285289,SRR7414335,SRX4285289,Mus musculus,Eosinophils,EoSSCHi-6,GSM3212628,GSE116177,PAIRED,cDNA,TRANSCRIPTOMIC,RNA-Seq,Illumina HiSeq 2500
SRX4285290,SRR7414336,SRX4285290,Mus musculus,Eosinophils,EoSSCLo-4,GSM3212629,GSE116177,PAIRED,cDNA,TRANSCRIPTOMIC,RNA-Seq,Illumina HiSeq 2500
SRX4285290,SRR7414337,SRX4285290,Mus musculus,Eosinophils,EoSSCLo-4,GSM3212629,GSE116177,PAIRED,cDNA,TRANSCRIPTOMIC,RNA-Seq,Illumina HiSeq 2500
SRX4285290,SRR7414338,SRX4285290,Mus musculus,Eosinophils,EoSSCLo-4,GSM3212629,GSE116177,PAIRED,cDNA,TRANSCRIPTOMIC,RNA-Seq,Illumina HiSeq 2500
SRX4285290,SRR7414339,SRX4285290,Mus musculus,Eosinophils,EoSSCLo-4,GSM3212629,GSE116177,PAIRED,cDNA,TRANSCRIPTOMIC,RNA-Seq,Illumina HiSeq 2500
SRX4285290,SRR7414340,SRX4285290,Mus musculus,Eosinophils,EoSSCLo-4,GSM3212629,GSE116177,PAIRED,cDNA,TRANSCRIPTOMIC,RNA-Seq,Illumina HiSeq 2500
SRX4285290,SRR7414341,SRX4285290,Mus musculus,Eosinophils,EoSSCLo-4,GSM3212629,GSE116177,PAIRED,cDNA,TRANSCRIPTOMIC,RNA-Seq,Illumina HiSeq 2500
SRX4285290,SRR7414342,SRX4285290,Mus musculus,Eosinophils,EoSSCLo-4,GSM3212629,GSE116177,PAIRED,cDNA,TRANSCRIPTOMIC,RNA-Seq,Illumina HiSeq 2500
SRX4285290,SRR7414343,SRX4285290,Mus musculus,Eosinophils,EoSSCLo-4,GSM3212629,GSE116177,PAIRED,cDNA,TRANSCRIPTOMIC,RNA-Seq,Illumina HiSeq 2500
SRX4285291,SRR7414344,SRX4285291,Mus musculus,Eosinophils,EoSSCLo-5,GSM3212630,GSE116177,PAIRED,cDNA,TRANSCRIPTOMIC,RNA-Seq,Illumina HiSeq 2500
SRX4285291,SRR7414345,SRX4285291,Mus musculus,Eosinophils,EoSSCLo-5,GSM3212630,GSE116177,PAIRED,cDNA,TRANSCRIPTOMIC,RNA-Seq,Illumina HiSeq 2500
SRX4285291,SRR7414346,SRX4285291,Mus musculus,Eosinophils,EoSSCLo-5,GSM3212630,GSE116177,PAIRED,cDNA,TRANSCRIPTOMIC,RNA-Seq,Illumina HiSeq 2500
SRX4285291,SRR7414347,SRX4285291,Mus musculus,Eosinophils,EoSSCLo-5,GSM3212630,GSE116177,PAIRED,cDNA,TRANSCRIPTOMIC,RNA-Seq,Illumina HiSeq 2500
SRX4285291,SRR7414348,SRX4285291,Mus musculus,Eosinophils,EoSSCLo-5,GSM3212630,GSE116177,PAIRED,cDNA,TRANSCRIPTOMIC,RNA-Seq,Illumina HiSeq 2500
SRX4285291,SRR7414349,SRX4285291,Mus musculus,Eosinophils,EoSSCLo-5,GSM3212630,GSE116177,PAIRED,cDNA,TRANSCRIPTOMIC,RNA-Seq,Illumina HiSeq 2500
SRX4285291,SRR7414350,SRX4285291,Mus musculus,Eosinophils,EoSSCLo-5,GSM3212630,GSE116177,PAIRED,cDNA,TRANSCRIPTOMIC,RNA-Seq,Illumina HiSeq 2500
SRX4285291,SRR7414351,SRX4285291,Mus musculus,Eosinophils,EoSSCLo-5,GSM3212630,GSE116177,PAIRED,cDNA,TRANSCRIPTOMIC,RNA-Seq,Illumina HiSeq 2500